ID,Name,M1,M2,M3,Total,Average,Grade
2329025,atul,100,100,100,300,100.0,A
123,rahul,88,77,99,264,88.0,E
9166,mishra,90,88,77,255,85.0,E
1,xyz,10,20,10,40,13.333333333333334,F
9,abc,60,70,80,210,70.0,A
124,ASFS,100,30,40,170,56.666666666666664,C
